ManagerKey,ManagerID,ManagerName
-1,UNASSIGNED,Unassigned Manager
1,MGR-001,James Okafor
2,MGR-002,Priya Nair
3,MGR-003,Sophie Marchetti
4,MGR-004,David Chen
5,MGR-005,Amara Diallo
6,MGR-006,Rachel Kowalski
7,MGR-007,Tariq Al-Mansouri
